id,name,cuisine,mealType,has_image_url,current_image_status,current_match_score
ew_baked_piri_piri_chicken_thi,Baked Piri Piri Chicken Thighs,african,Dinner,yes,found,0.00
ew_herbed_chicken_thighs,Herbed Chicken Thighs,african,Dinner,yes,found,1.00
ew_pumpkin_ravioli_with_olive_,Pumpkin Ravioli with Olive & Fennel Tomato Sauce,african,Dinner,no,missing,
ew_slow_cooker_lamb_barley_apr,"Slow-Cooker Lamb, Barley & Apricot Tagine",african,Dinner,no,missing,
ew_garlic_pecan_green_beans,Garlic-Pecan Green Beans,african,Snack,yes,found,1.00
ew_banana_raisin_walnut_baked_,"Banana, Raisin & Walnut Baked Oatmeal",american,Breakfast,yes,found,0.67
ew_broccoli_cheese_omelet,Broccoli & Cheese Omelet,american,Breakfast,yes,found,1.00
ew_easy_broccoli_cheddar_quich,Easy Broccoli-Cheddar Quiche,american,Breakfast,yes,found,0.50
ew_parmesan_vegetable_muffin_t,Parmesan & Vegetable Muffin-Tin Omelets,american,Breakfast,yes,found,0.71
ew_slow_cooker_kale_gruyere_st,Slow-Cooker Kale & Gruyère Strata with Sun-Dried Tomatoes,american,Breakfast,yes,found,0.17
ew_slow_cooker_shakshuka,Slow-Cooker Shakshuka,american,Breakfast,no,missing,
ew_vegan_pineapple_coconut_bak,Vegan Pineapple & Coconut Baked Oatmeal,american,Breakfast,yes,found,0.20
ew_waffle_with_bacon_fried_egg,"Waffle with Bacon, Fried Egg & Chives",american,Breakfast,no,missing,
ew_waffle_with_cream_cheese_pl,"Waffle with Cream Cheese, Plums & Granola",american,Breakfast,yes,found,0.09
ew_20_minute_chicken_cutlets_z,20-Minute Chicken Cutlets & Zucchini Noodles with Creamy Tomato Sauce,american,Dinner,yes,found,1.00
ew_20_minute_chicken_cutlets_w,20-Minute Chicken Cutlets with Creamy Pesto Sauce,american,Dinner,yes,found,1.00
ew_afghan_beef_dumplings_mantu,Afghan Beef Dumplings (Mantu),american,Dinner,yes,found,0.60
ew_air_fryer_pork_chops,Air-Fryer Pork Chops,american,Dinner,yes,found,1.00
ew_arepas_with_spicy_black_bea,Arepas with Spicy Black Beans,american,Dinner,yes,found,1.00
ew_bbq_baked_potatoes_with_por,BBQ Baked Potatoes with Pork & Broccoli,american,Dinner,yes,found,0.12
ew_bbq_chicken_bowls,BBQ Chicken Bowls,american,Dinner,yes,found,1.00
ew_bbq_shrimp_with_garlicky_ka,BBQ Shrimp with Garlicky Kale & Parmesan-Herb Couscous,american,Dinner,yes,found,1.00
ew_baked_halibut_with_brussels,Baked Halibut with Brussels Sprouts & Quinoa,american,Dinner,yes,found,1.00
ew_baked_lemon_pepper_chicken,Baked Lemon-Pepper Chicken,american,Dinner,yes,found,1.00
ew_baked_spiralized_butternut_,Baked Spiralized Butternut Squash Fries,american,Dinner,yes,found,0.25
ew_baked_turkey_meatballs_with,Baked Turkey Meatballs with Roasted Red Peppers & Polenta,american,Dinner,yes,found,0.25
ew_beef_rib_roast_with_mushroo,Beef Rib Roast with Mushrooms & Fennel,american,Dinner,yes,found,0.22
ew_beef_tenderloin_with_pomegr,Beef Tenderloin with Pomegranate Sauce & Farro Pilaf,american,Dinner,no,missing,
ew_beef_and_vegetable_sandwich,Beef and Vegetable Sandwiches,american,Dinner,yes,found,0.12
ew_blue_cheese_mushroom_pizza,Blue Cheese & Mushroom Pizza,american,Dinner,yes,found,0.29
ew_broccoli_cheese_rice_casser,"Broccoli, Cheese & Rice Casserole",american,Dinner,yes,found,1.00
ew_broiled_lamb_chops_with_cha,Broiled Lamb Chops with Charred Blood Oranges,american,Dinner,yes,found,0.05
ew_buffalo_chicken_chili,Buffalo Chicken Chili,american,Dinner,yes,found,0.60
ew_buffalo_style_bistro_lunch_,Buffalo-Style Bistro Lunch Box,american,Dinner,no,missing,
ew_buttermilk_fried_tofu_with_,Buttermilk Fried Tofu with Smoky Collard Greens,american,Dinner,yes,found,1.00
ew_butternut_squash_gnocchi_wi,Butternut Squash Gnocchi with Fontina Cheese Sauce,american,Dinner,yes,found,0.36
ew_butternut_squash_ravioli,Butternut Squash Ravioli,american,Dinner,yes,found,0.43
ew_butternut_squash_soup_with_,Butternut Squash Soup with Apple Grilled Cheese Sandwiches,american,Dinner,yes,found,1.00
ew_california_turkey_burgers_b,California Turkey Burgers & Baked Sweet Potato Fries,american,Dinner,yes,found,1.00
ew_catfish_with_sherry_vinegar,Catfish with Sherry Vinegar Lentils,american,Dinner,no,missing,
ew_cauliflower_rice_bowls_with,Cauliflower Rice Bowls with Grilled Asparagus & Chicken Sausage,american,Dinner,yes,found,1.00
ew_cheeseburger_stuffed_baked_,Cheeseburger Stuffed Baked Potatoes,american,Dinner,yes,found,1.00
ew_cheesy_kale_spinach_stuffed,Cheesy Kale & Spinach Stuffed Pork Chops,american,Dinner,yes,found,0.12
ew_chicken_vegetables_with_cre,Chicken & Vegetables with Creamy Coconut Noodles,american,Dinner,no,missing,
ew_chicken_curry_stuffed_sweet,Chicken Curry Stuffed Sweet Potatoes,american,Dinner,yes,found,1.00
ew_chicken_cutlets_with_creamy,Chicken Cutlets with Creamy Spinach & Roasted Red Pepper Sauce,american,Dinner,yes,found,1.00
ew_chicken_cutlets_with_sun_dr,Chicken Cutlets with Sun-Dried Tomato Cream Sauce,american,Dinner,yes,found,0.80
ew_chicken_enchiladas_with_whi,Chicken Enchiladas with White Sauce,american,Dinner,yes,found,1.00
ew_chicken_parmesan_quinoa_stu,Chicken Parmesan & Quinoa Stuffed Peppers,american,Dinner,yes,found,1.00
ew_chicken_parmesan_stuffed_sp,Chicken Parmesan-Stuffed Spaghetti Squash,american,Dinner,yes,found,1.00
ew_chicken_avocado_quinoa_bowl,"Chicken, Avocado & Quinoa Bowls with Herb Dressing",american,Dinner,yes,found,0.22
ew_chicken_spinach_rice_casser,"Chicken, Spinach & Rice Casserole with Sun-Dried Tomato Cream Sauce",american,Dinner,yes,found,0.82
ew_chickpea_dumplings_in_curri,Chickpea Dumplings in Curried Tomato Sauce,american,Dinner,yes,found,1.00
ew_chipotle_glazed_roasted_por,Chipotle-Glazed Roasted Pork Tenderloin & Grapes,american,Dinner,no,missing,
ew_coconut_curry_cod_stew_with,Coconut-Curry Cod Stew with Sweet Potato & Rice,american,Dinner,yes,found,1.00
ew_creamy_boursin_pasta_with_s,"Creamy Boursin Pasta with Spinach, Mushrooms & Tomatoes",american,Dinner,yes,found,1.00
ew_creamy_chicken_celeriac_noo,Creamy Chicken & Celeriac Noodles,american,Dinner,no,missing,
ew_creamy_mushroom_chicken_asp,"Creamy Mushroom, Chicken & Asparagus Bake",american,Dinner,yes,found,0.67
ew_creamy_spinach_pasta,Creamy Spinach Pasta,american,Dinner,yes,found,1.00
ew_crispy_baked_ravioli_with_r,Crispy Baked Ravioli with Red Pepper & Mushroom Bolognese,american,Dinner,yes,found,1.00
ew_crispy_gnocchi_pasta_with_t,Crispy Gnocchi Pasta with Tomatoes & Leeks,american,Dinner,yes,found,1.00
ew_crispy_lemon_garlic_chicken,Crispy Lemon-Garlic Chicken Thighs with Roasted Potatoes & Carrots,american,Dinner,yes,found,1.00
ew_crispy_roast_chicken,Crispy Roast Chicken,american,Dinner,yes,found,1.00
ew_crock_pot_pineapple_chicken,Crock-Pot Pineapple Chicken,american,Dinner,yes,found,1.00
ew_cuban_beef_picadillo_over_p,Cuban Beef Picadillo over Plantain Mash,american,Dinner,yes,found,1.00
ew_dijon_chicken_with_roasted_,Dijon Chicken with Roasted Broccoli & Butternut Squash,american,Dinner,yes,found,0.10
ew_easy_chicken_tikka_masala,Easy Chicken Tikka Masala,american,Dinner,yes,found,1.00
ew_easy_shrimp_scampi_with_zuc,Easy Shrimp Scampi with Zucchini Noodles,american,Dinner,yes,found,1.00
ew_easy_spicy_salmon_cakes,Easy Spicy Salmon Cakes,american,Dinner,yes,found,1.00
ew_eggplant_curry,Eggplant Curry,american,Dinner,yes,found,0.17
ew_eggs_benedict_casserole,Eggs Benedict Casserole,american,Dinner,yes,found,1.00
ew_fig_arugula_gorgonzola_gril,"Fig, Arugula & Gorgonzola Grilled Pizzas",american,Dinner,no,missing,
ew_fish_tostadas_with_blood_or,Fish Tostadas with Blood Orange Salsa,american,Dinner,no,missing,
ew_garlic_parmesan_chicken_win,Garlic-Parmesan Chicken Wings,american,Dinner,yes,found,1.00
ew_ginger_orange_chicken_thigh,Ginger-Orange Chicken Thighs with Baby Bok Choy,american,Dinner,yes,found,0.33
ew_gluten_free_teriyaki_chicke,Gluten-Free Teriyaki Chicken with Broccoli,american,Dinner,yes,found,1.00
ew_grilled_beef_vegetable_keba,Grilled Beef & Vegetable Kebabs,american,Dinner,yes,found,1.00
ew_grilled_bone_in_pork_chops,Grilled Bone-In Pork Chops,american,Dinner,yes,found,1.00
ew_grilled_salmon_cucumber_fre,"Grilled Salmon & Cucumber, Fresh Herb & Feta Salad",american,Dinner,yes,found,0.20
ew_grilled_salmon_and_peaches_,Grilled Salmon and Peaches with Basil-Pistachio Gremolata,american,Dinner,yes,found,1.00
ew_ground_beef_potatoes_skille,Ground Beef & Potatoes Skillet,american,Dinner,yes,found,0.67
ew_honey_walnut_shrimp,Honey Walnut Shrimp,american,Dinner,yes,found,1.00
ew_honey_garlic_chicken_thighs,Honey-Garlic Chicken Thighs with Carrots & Broccoli,american,Dinner,yes,found,0.58
ew_instant_pot_corned_beef_cab,"Instant Pot ""Corned"" Beef & Cabbage",american,Dinner,yes,found,0.29
ew_instant_pot_beef_bourguigno,Instant Pot Beef Bourguignon,american,Dinner,yes,found,0.40
ew_instant_pot_brisket,Instant Pot Brisket,american,Dinner,yes,found,1.00
ew_instant_pot_garlic_rosemary,Instant Pot Garlic & Rosemary Roast Pork Loin,american,Dinner,yes,found,1.00
ew_instant_pot_goulash,Instant Pot Goulash,american,Dinner,yes,found,1.00
ew_instant_pot_orange_jalapeno,Instant Pot Orange-Jalapeño Chicken Wings,american,Dinner,no,missing,
ew_instant_pot_vegetarian_chil,Instant Pot Vegetarian Chili,american,Dinner,yes,found,0.80
ew_irish_beef_stew,Irish Beef Stew,american,Dinner,yes,found,1.00
ew_kale_sausage_pepper_pasta,"Kale, Sausage & Pepper Pasta",american,Dinner,yes,found,0.60
ew_kung_pao_chicken_with_bell_,Kung Pao Chicken with Bell Peppers,american,Dinner,yes,found,1.00
ew_leftover_turkey_gumbo,Leftover Turkey Gumbo,american,Dinner,no,missing,
ew_leftover_turkey_stew,Leftover Turkey Stew,american,Dinner,yes,found,1.00
ew_leftover_turkey_hand_pies,Leftover-Turkey Hand Pies,american,Dinner,no,missing,
ew_lemon_garlic_chicken_with_g,Lemon-Garlic Chicken with Green Beans,american,Dinner,yes,found,1.00
ew_lemon_garlic_pasta_with_sal,Lemon-Garlic Pasta with Salmon,american,Dinner,yes,found,1.00
ew_lemon_roasted_vegetable_hum,Lemon-Roasted Vegetable Hummus Bowls,american,Dinner,no,missing,
ew_lemony_prosciutto_wrapped_c,Lemony Prosciutto-Wrapped Chicken Breasts,american,Dinner,no,missing,
ew_linguine_with_creamy_mushro,Linguine with Creamy Mushroom Sauce,american,Dinner,no,missing,
ew_loaded_cauliflower_bowls,Loaded Cauliflower Bowls,american,Dinner,no,missing,
ew_lobster_ravioli,Lobster Ravioli,american,Dinner,no,missing,
ew_mushroom_swiss_turkey_burge,Mushroom-Swiss Turkey Burgers,american,Dinner,no,missing,
ew_mussels_with_white_beans_to,Mussels with White Beans & Tomatoes,american,Dinner,no,missing,
ew_old_bay_salmon_with_lemony_,Old Bay Salmon with Lemony Mashed Peas,american,Dinner,no,missing,
ew_one_pan_chicken_asparagus_b,One-Pan Chicken & Asparagus Bake,american,Dinner,no,missing,
ew_one_pan_pork_tenderloin_wit,One-Pan Pork Tenderloin with Heirloom Tomato & Shallot Confit,american,Dinner,no,missing,
ew_one_pan_spicy_okra_shrimp,One-Pan Spicy Okra & Shrimp,american,Dinner,no,missing,
ew_one_pot_chicken_alfredo,One-Pot Chicken Alfredo,american,Dinner,no,missing,
ew_one_pot_garlic_shrimp_pasta,One-Pot Garlic-Shrimp Pasta,american,Dinner,no,missing,
ew_one_pot_spaghetti_with_meat,One-Pot Spaghetti with Meat Sauce,american,Dinner,no,missing,
ew_oven_roasted_whole_chicken,Oven-Roasted Whole Chicken,american,Dinner,no,missing,
ew_pan_seared_halibut_with_cre,Pan-Seared Halibut with Creamed Corn & Tomatoes,american,Dinner,no,missing,
ew_pan_seared_steak_with_crisp,Pan-Seared Steak with Crispy Herbs & Escarole,american,Dinner,no,missing,
ew_panko_parmesan_crusted_bake,Panko- & Parmesan-Crusted Baked Scallops,american,Dinner,no,missing,
ew_paprika_baked_pork_tenderlo,Paprika Baked Pork Tenderloin with Potatoes & Broccoli,american,Dinner,no,missing,
ew_parchment_packet_baked_tuna,Parchment Packet Baked Tuna Steaks & Vegetables with Creamy Dijon-Turmeric Sauce,american,Dinner,no,missing,
ew_pasta_with_homemade_ricotta,Pasta with Homemade Ricotta & Roasted Broccoli,american,Dinner,no,missing,
ew_penne_pasta_with_sausage_bu,"Penne Pasta with Sausage, Butternut Squash & Chard",american,Dinner,no,missing,
ew_perfect_prime_rib,Perfect Prime Rib,american,Dinner,no,missing,
ew_pesto_pizza_with_spaghetti_,Pesto Pizza with Spaghetti Squash Crust,american,Dinner,no,missing,
ew_philly_cheesesteak_stuffed_,Philly Cheesesteak-Stuffed Portobello Mushrooms,american,Dinner,no,missing,
ew_plant_based_smashed_burgers,Plant-Based Smashed Burgers,american,Dinner,no,missing,
ew_pressure_cooker_corned_beef,"Pressure Cooker ""Corned"" Beef & Cabbage",american,Dinner,no,missing,
ew_quick_kale_dolmas,Quick Kale Dolmas,american,Dinner,no,missing,
ew_quick_meatball_banh_mi_sand,Quick Meatball Banh Mi Sandwich,american,Dinner,no,missing,
ew_quinoa_black_bean_salad,Quinoa-Black Bean Salad,american,Dinner,no,missing,
ew_roasted_salmon_with_spicy_c,Roasted Salmon with Spicy Cranberry Relish,american,Dinner,no,missing,
ew_scallion_ginger_beef_brocco,Scallion-Ginger Beef & Broccoli,american,Dinner,no,missing,
ew_seared_scallops_with_white_,Seared Scallops with White Bean Ragu & Charred Lemon,american,Dinner,no,missing,
ew_sheet_pan_creole_chicken_sh,Sheet-Pan Creole Chicken & Shrimp,american,Dinner,no,missing,
ew_sheet_pan_sausage_peppers,Sheet-Pan Sausage & Peppers,american,Dinner,no,missing,
ew_sheet_pan_shrimp_fried_rice,Sheet-Pan Shrimp Fried Rice,american,Dinner,no,missing,
ew_shrimp_egg_fried_rice,Shrimp & Egg Fried Rice,american,Dinner,no,missing,
ew_shrimp_cauliflower_fried_ri,Shrimp Cauliflower Fried Rice,american,Dinner,no,missing,
ew_shrimp_grits_stuffed_pepper,Shrimp-&-Grits-Stuffed Peppers,american,Dinner,no,missing,
ew_skillet_beef_potpie_with_bu,Skillet Beef Potpie with Buttermilk Biscuits,american,Dinner,no,missing,
ew_skillet_chili_mac,Skillet Chili Mac,american,Dinner,no,missing,
ew_skillet_pork_chops_with_pea,"Skillet Pork Chops with Peas, Carrots & Pearl Onions",american,Dinner,no,missing,
ew_sloppy_joe_casserole,Sloppy Joe Casserole,american,Dinner,no,missing,
ew_slow_cooker_asian_tempeh_wi,Slow-Cooker Asian Tempeh with Spinach & Mango,american,Dinner,no,missing,
ew_slow_cooker_beef_carrot_tag,Slow-Cooker Beef & Carrot Tagine with Almond Couscous,american,Dinner,no,missing,
ew_slow_cooker_braised_lamb_sh,Slow-Cooker Braised Lamb Shanks with Garlic Gremolata,american,Dinner,no,missing,
ew_slow_cooker_brisket_onions_,Slow-Cooker Brisket & Onions over Buttery Mashed Potatoes,american,Dinner,no,missing,
ew_slow_cooker_cheesy_rice_wit,Slow-Cooker Cheesy Rice with Broccoli,american,Dinner,no,missing,
ew_slow_cooker_cherry_baked_be,Slow-Cooker Cherry Baked Beans,american,Dinner,no,missing,
ew_slow_cooker_chicken_honey_g,Slow-Cooker Chicken & Honey-Glazed Root Vegetables,american,Dinner,no,missing,
ew_slow_cooker_chicken_rice_bo,Slow-Cooker Chicken & Rice Bowls,american,Dinner,no,missing,
ew_slow_cooker_chicken_tomato_,Slow-Cooker Chicken & Tomato Ragout over Polenta,american,Dinner,no,missing,
ew_slow_cooker_chicken_marsala,Slow-Cooker Chicken Marsala,american,Dinner,no,missing,
ew_slow_cooker_chicken_sausage,Slow-Cooker Chicken Sausage with Cabbage & Apples,american,Dinner,no,missing,
ew_slow_cooker_chicken_with_po,"Slow-Cooker Chicken with Potatoes, Carrots & Herb Sauce",american,Dinner,no,missing,
ew_slow_cooker_chicken_with_ro,Slow-Cooker Chicken with Rosemary & Mushrooms over Linguine,american,Dinner,no,missing,
ew_slow_cooker_chickpea_tomato,Slow-Cooker Chickpea & Tomato Stewed Chicken,american,Dinner,no,missing,
ew_slow_cooker_chuck_roast_wit,Slow-Cooker Chuck Roast with Potatoes & Carrots,american,Dinner,no,missing,
ew_slow_cooker_citrus_salmon_w,Slow-Cooker Citrus Salmon with Melted Leeks,american,Dinner,no,missing,
ew_slow_cooker_clams_with_baco,"Slow-Cooker Clams with Bacon, Leeks & White Wine",american,Dinner,no,missing,
ew_slow_cooker_coconut_curry_w,Slow-Cooker Coconut Curry with Chickpeas,american,Dinner,no,missing,
ew_slow_cooker_edamame_succota,Slow-Cooker Edamame Succotash,american,Dinner,no,missing,
ew_slow_cooker_herb_mushroom_b,Slow-Cooker Herb & Mushroom Braised Beef,american,Dinner,no,missing,
ew_slow_cooker_irish_sausage_b,"Slow-Cooker Irish Sausage, Bean & Cabbage Stew",american,Dinner,no,missing,
ew_slow_cooker_lamb_with_pomeg,Slow-Cooker Lamb with Pomegranate & Cilantro-Mint Sauce,american,Dinner,no,missing,
ew_slow_cooker_lemon_coriander,Slow-Cooker Lemon-Coriander Shrimp & Grits,american,Dinner,no,missing,
ew_slow_cooker_maple_mustard_t,Slow-Cooker Maple-Mustard Turkey Breast,american,Dinner,no,missing,
ew_slow_cooker_octopus_with_re,Slow-Cooker Octopus with Red Wine Sauce Over Linguine,american,Dinner,no,missing,
ew_slow_cooker_polenta_with_ro,Slow-Cooker Polenta with Roasted Tomatoes & Parmesan,american,Dinner,no,missing,
ew_slow_cooker_pork_loin_with_,Slow-Cooker Pork Loin with Port & Rosemary Sauce,american,Dinner,no,missing,
ew_slow_cooker_pork_ragout_ove,Slow-Cooker Pork Ragout over Casarecce Pasta,american,Dinner,no,missing,
ew_slow_cooker_ropa_vieja,Slow-Cooker Ropa Vieja,american,Dinner,no,missing,
ew_slow_cooker_shrimp_noodle_b,Slow-Cooker Shrimp Noodle Bowls,american,Dinner,no,missing,
ew_slow_cooker_soy_glazed_pork,Slow-Cooker Soy-Glazed Pork in Lettuce Cups,american,Dinner,no,missing,
ew_slow_cooker_spicy_barbecue_,Slow-Cooker Spicy Barbecue Pork Stew,american,Dinner,no,missing,
ew_slow_cooker_spicy_mussels_i,Slow-Cooker Spicy Mussels in Tomato-Fennel Ragu,american,Dinner,no,missing,
ew_slow_cooker_spicy_plum_glaz,Slow-Cooker Spicy Plum-Glazed Meatballs,american,Dinner,no,missing,
ew_slow_cooker_sweet_sour_scal,Slow-Cooker Sweet & Sour Scallops,american,Dinner,no,missing,
ew_slow_cooker_sweet_spicy_gla,Slow-Cooker Sweet & Spicy Glazed Chicken,american,Dinner,no,missing,
ew_slow_cooker_swordfish_in_ri,Slow-Cooker Swordfish in Rich Tomato Sauce,american,Dinner,no,missing,
ew_slow_cooker_turkey_chili_wi,Slow-Cooker Turkey Chili with Butternut Squash,american,Dinner,no,missing,
ew_slow_cooker_turkey_florenti,Slow-Cooker Turkey Florentine Meatballs Over Orzo,american,Dinner,no,missing,
ew_slow_cooker_turkey_thighs_w,Slow-Cooker Turkey Thighs with Herb Gravy,american,Dinner,no,missing,
ew_slow_cooker_vegetable_marin,Slow-Cooker Vegetable Marinara Over Linguine,american,Dinner,no,missing,
ew_slow_cooker_vegetable_stew,Slow-Cooker Vegetable Stew,american,Dinner,no,missing,
ew_slow_cooker_vegetarian_rago,Slow-Cooker Vegetarian Ragout Over Couscous,american,Dinner,no,missing,
ew_slow_cooker_white_bean_saus,Slow-Cooker White Bean & Sausage Cassoulet,american,Dinner,no,missing,
ew_smoked_salmon_stuffed_baked,Smoked Salmon Stuffed Baked Potatoes,american,Dinner,no,missing,
ew_smoky_slow_cooker_black_bea,Smoky Slow-Cooker Black Beans with Collard Greens,american,Dinner,no,missing,
ew_southwest_black_bean_pasta_,Southwest Black-Bean Pasta Salad Bowls,american,Dinner,no,missing,
ew_spicy_shrimp_tacos,Spicy Shrimp Tacos,american,Dinner,no,missing,
ew_spinach_lima_bean_crispy_pa,"Spinach, Lima Bean & Crispy Pancetta Pasta",american,Dinner,no,missing,
ew_spinach_tomato_macaroni_che,Spinach-Tomato Macaroni & Cheese,american,Dinner,no,missing,
ew_stuffed_baked_potatoes_with,Stuffed Baked Potatoes with Pesto & Eggs,american,Dinner,no,missing,
ew_stuffed_sweet_potatoes_with,Stuffed Sweet Potatoes with Chili,american,Dinner,no,missing,
ew_teriyaki_tofu_rice_bowls,Teriyaki Tofu Rice Bowls,american,Dinner,no,missing,
ew_tomato_squash_pizza_with_ca,Tomato & Squash Pizza with Cauliflower Crust,american,Dinner,no,missing,
ew_turkey_meatballs_with_green,Turkey Meatballs with Green Beans & Cherry Tomatoes,american,Dinner,no,missing,
ew_turkey_pesto_broccoli_pasta,"Turkey, Pesto & Broccoli Pasta",american,Dinner,no,missing,
ew_turkish_seared_tuna_with_bu,Turkish Seared Tuna with Bulgur & Chickpea Salad,american,Dinner,no,missing,
ew_vegan_black_bean_burgers,Vegan Black Bean Burgers,american,Dinner,no,missing,
ew_vegetarian_gumbo,Vegetarian Gumbo,american,Dinner,no,missing,
ew_vegetarian_lo_mein_with_shi,"Vegetarian Lo Mein with Shiitakes, Carrots & Bean Sprouts",american,Dinner,no,missing,
ew_vegetarian_spring_egg_casse,Vegetarian Spring Egg Casserole,american,Dinner,no,missing,
ew_venezuelan_chicken_sandwich,Venezuelan Chicken Sandwiches with Avocado (Reina Pepiada Arepas),american,Dinner,no,missing,
ew_whole_wheat_spaghetti_carbo,Whole-Wheat Spaghetti Carbonara with Butternut Squash,american,Dinner,no,missing,
ew_zucchini_noodle_primavera,Zucchini Noodle Primavera,american,Dinner,no,missing,
ew_zucchini_patties_with_herbs,Zucchini Patties with Herbs & Feta (Kolokythokeftedes),american,Dinner,no,missing,
ew_avocado_egg_salad,Avocado Egg Salad,american,Lunch,no,missing,
ew_black_bean_sweet_potato_chi,Black Bean & Sweet Potato Chili with Crunchy Tostadas & Avocado,american,Lunch,no,missing,
ew_broccoli_cauliflower_salad,Broccoli & Cauliflower Salad,american,Lunch,no,missing,
ew_brussels_sprouts_salad_with,Brussels Sprouts Salad with Crunchy Chickpeas,american,Lunch,no,missing,
ew_butternut_squash_gnocchi,Butternut Squash Gnocchi,american,Lunch,no,missing,
ew_chicken_cabbage_salad_bowls,Chicken & Cabbage Salad Bowls with Sesame Dressing,american,Lunch,no,missing,
ew_chicken_stuffing_casserole,Chicken & Stuffing Casserole,american,Lunch,no,missing,
ew_chicken_tinga_bowls_with_ca,Chicken Tinga Bowls with Calabacitas & Brown Rice,american,Lunch,no,missing,
ew_chickpea_chicken_salad,"Chickpea ""Chicken"" Salad",american,Lunch,no,missing,
ew_chili_con_carne,Chili con Carne,american,Lunch,no,missing,
ew_chopped_salad_with_chicken_,Chopped Salad with Chicken & Avocado-Buttermilk Dressing,american,Lunch,no,missing,
ew_chopped_salad_with_shrimp_a,"Chopped Salad with Shrimp, Apples & Pecans",american,Lunch,no,missing,
ew_chopped_veggie_grain_bowls_,Chopped Veggie Grain Bowls with Turmeric Dressing,american,Lunch,no,missing,
ew_clean_out_the_fridge_vegeta,Clean-Out-the-Fridge Vegetable Stew,american,Lunch,no,missing,
ew_corn_chowder_with_bacon,Corn Chowder with Bacon,american,Lunch,no,missing,
ew_corned_beet_reuben_sandwich,Corned Beet Reuben Sandwich,american,Lunch,no,missing,
ew_crispy_panko_parmesan_baked,Crispy Panko-Parmesan Baked Shrimp,american,Lunch,no,missing,
ew_curry_cashew_turkey_salad_s,Curry-Cashew Turkey Salad Sandwiches,american,Lunch,no,missing,
ew_edamame_lettuce_wrap_burger,Edamame Lettuce Wrap Burgers with Peanut Sauce,american,Lunch,no,missing,
ew_gnocchi_with_bacon_creamy_p,Gnocchi with Bacon & Creamy Pumpkin Sauce,american,Lunch,no,missing,
ew_green_goddess_quinoa_bowls_,Green Goddess Quinoa Bowls with Arugula & Shrimp,american,Lunch,no,missing,
ew_grilled_greek_chicken_veget,Grilled Greek Chicken & Vegetable Salad,american,Lunch,no,missing,
ew_grilled_vegetable_salads_wi,Grilled Vegetable Salads with Goat Cheese,american,Lunch,no,missing,
ew_healthy_cream_of_mushroom_s,Healthy Cream of Mushroom Soup,american,Lunch,no,missing,
ew_homemade_chicken_tenders_wi,Homemade Chicken Tenders with Everything Bagel Seasoning over Salad,american,Lunch,no,missing,
ew_instant_pot_beef_poblano_to,Instant Pot Beef & Poblano Tostadas,american,Lunch,no,missing,
ew_instant_pot_chicken_soup_wi,Instant Pot Chicken Soup with Root Vegetables & Barley,american,Lunch,no,missing,
ew_instant_pot_lentil_soup,Instant Pot Lentil Soup,american,Lunch,no,missing,
ew_instant_pot_summer_corn_cra,Instant Pot Summer Corn & Crab Chowder,american,Lunch,no,missing,
ew_instant_pot_whole_chicken,Instant-Pot Whole Chicken,american,Lunch,no,missing,
ew_korean_bbq_tempeh_grain_bow,Korean BBQ Tempeh Grain Bowl,american,Lunch,no,missing,
ew_loaded_portobello_mushrooms,Loaded Portobello Mushrooms,american,Lunch,no,missing,
ew_make_ahead_chicken_pasta_sa,Make-Ahead Chicken Pasta Salad,american,Lunch,no,missing,
ew_one_skillet_chicken_paprika,One-Skillet Chicken Paprikash with Mushrooms & Onions,american,Lunch,no,missing,
ew_pizza_stuffed_spaghetti_squ,Pizza-Stuffed Spaghetti Squash,american,Lunch,no,missing,
ew_polenta_pizza_with_mushroom,Polenta Pizza with Mushrooms & Arugula Salad,american,Lunch,no,missing,
ew_quinoa_avocado_chickpea_sal,"Quinoa, Avocado & Chickpea Salad over Mixed Greens",american,Lunch,no,missing,
ew_reuben_casserole,Reuben Casserole,american,Lunch,no,missing,
ew_roasted_butternut_squash_sa,Roasted Butternut Squash Salad with Burrata,american,Lunch,no,missing,
ew_sheet_pan_chicken_fajita_bo,Sheet-Pan Chicken Fajita Bowls,american,Lunch,no,missing,
ew_shrimp_nic_oise_meal_prep_b,"Shrimp Niç""oise Meal-Prep Bowls",american,Lunch,no,missing,
ew_slow_cooker_beef_barley_sou,Slow-Cooker Beef-Barley Soup with Red Wine & Pesto,american,Lunch,no,missing,
ew_slow_cooker_chicken_soup_wi,Slow-Cooker Chicken Soup with Zucchini & Hominy,american,Lunch,no,missing,
ew_slow_cooker_edamame_rice_bo,Slow-Cooker Edamame-Rice Bowl with Cherries & Pecans,american,Lunch,no,missing,
ew_slow_cooker_lemon_garlic_sa,"Slow-Cooker Lemon, Garlic & Sage Chicken",american,Lunch,no,missing,
ew_slow_cooker_lemony_chicken_,Slow-Cooker Lemony Chicken Noodle Soup,american,Lunch,no,missing,
ew_slow_cooker_lentil_carrot_p,"Slow-Cooker Lentil, Carrot & Potato Soup",american,Lunch,no,missing,
ew_slow_cooker_minestrone_with,Slow-Cooker Minestrone with Smoky White Beans,american,Lunch,no,missing,
ew_slow_cooker_mushroom_sauce_,Slow-Cooker Mushroom Sauce Over Egg Noodles,american,Lunch,no,missing,
ew_slow_cooker_potato_soup,Slow-Cooker Potato Soup,american,Lunch,no,missing,
ew_slow_cooker_sea_bass_with_t,Slow-Cooker Sea Bass with Tomato-Fennel Relish,american,Lunch,no,missing,
ew_slow_cooker_spinach_mushroo,Slow-Cooker Spinach & Mushroom Lasagna,american,Lunch,no,missing,
ew_slow_cooker_split_pea_soup_,Slow-Cooker Split Pea Soup with Garlicky Croutons,american,Lunch,no,missing,
ew_slow_cooker_tandoori_rice_b,Slow-Cooker Tandoori Rice Bowls with Chickpeas,american,Lunch,no,missing,
ew_slow_cooker_tuna_steaks_wit,Slow-Cooker Tuna Steaks with Escarole-Chickpea Salad,american,Lunch,no,missing,
ew_slow_cooker_turkey_breast,Slow-Cooker Turkey Breast,american,Lunch,no,missing,
ew_slow_cooker_vegetable_chick,Slow-Cooker Vegetable & Chicken Meatball Soup,american,Lunch,no,missing,
ew_slow_cooker_white_bean_spin,"Slow-Cooker White Bean, Spinach & Sausage Stew",american,Lunch,no,missing,
ew_spice_rubbed_grilled_whole_,Spice-Rubbed Grilled Whole Chicken,american,Lunch,no,missing,
ew_spinach_strawberry_meal_pre,Spinach & Strawberry Meal-Prep Salad,american,Lunch,no,missing,
ew_spinach_salad_with_roasted_,"Spinach Salad with Roasted Sweet Potatoes, White Beans & Basil",american,Lunch,no,missing,
ew_sweet_potato_kale_chicken_s,"Sweet Potato, Kale & Chicken Salad with Peanut Dressing",american,Lunch,no,missing,
ew_turkey_cheddar_lettuce_wrap,Turkey & Cheddar Lettuce Wraps,american,Lunch,no,missing,
ew_turkey_wild_rice_soup_with_,Turkey & Wild Rice Soup with Vegetables,american,Lunch,no,missing,
ew_turkey_pasta_vegetable_soup,"Turkey, Pasta & Vegetable Soup",american,Lunch,no,missing,
ew_vegan_minestrone_soup,Vegan Minestrone Soup,american,Lunch,no,missing,
ew_vegetarian_white_bean_butte,Vegetarian White Bean & Butternut Squash Chili,american,Lunch,no,missing,
ew_winter_greens_salad_with_po,Winter Greens Salad with Pomegranate & Kumquats,american,Lunch,no,missing,
ew_winter_kale_quinoa_salad_wi,Winter Kale & Quinoa Salad with Avocado,american,Lunch,no,missing,
ew_bruleed_blood_oranges_with_,Brûléed Blood Oranges with Yogurt & Cardamom,american,Snack,no,missing,
ew_chipotle_mashed_sweet_potat,Chipotle Mashed Sweet Potatoes,american,Snack,no,missing,
ew_crab_wontons_with_brie,Crab Wontons with Brie,american,Snack,no,missing,
ew_grilled_figs_with_honeyed_g,Grilled Figs with Honeyed Goat Cheese & Thyme,american,Snack,no,missing,
ew_instant_pot_brown_rice,Instant Pot Brown Rice,american,Snack,no,missing,
ew_kale_roasted_sweet_potato_h,Kale & Roasted Sweet Potato Hash,american,Snack,no,missing,
ew_mushroom_tofu_stir_fry,Mushroom & Tofu Stir-Fry,american,Snack,no,missing,
ew_port_braised_endive_with_ry,Port-Braised Endive with Rye Breadcrumbs,american,Snack,no,missing,
ew_prosciutto_wrapped_avocado_,Prosciutto-Wrapped Avocado & Melon Bites,american,Snack,no,missing,
ew_rosemary_deviled_eggs,Rosemary Deviled Eggs,american,Snack,no,missing,
ew_valentine_s_day_party_board,Valentine's Day Party Board,american,Snack,no,missing,
ew_cajun_skillet_pork_chops_wi,Cajun Skillet Pork Chops with Asparagus & Cheesy Polenta,cajun,Dinner,no,missing,
ew_one_pot_chicken_pasta_with_,One-Pot Chicken Pasta with Cajun Seasonings,cajun,Dinner,no,missing,
ew_oven_baked_chicken_drumstic,Oven-Baked Chicken Drumsticks with Potatoes,cajun,Dinner,no,missing,
ew_chinese_ginger_beef_stir_fr,Chinese Ginger Beef Stir-Fry with Baby Bok Choy,chinese,Dinner,no,missing,
ew_chinese_sweet_sour_tofu_sti,Chinese Sweet & Sour Tofu Stir-Fry with Snow Peas,chinese,Dinner,no,missing,
ew_slow_cooker_sichuan_chicken,Slow-Cooker Sichuan Chicken with Scallions & Baby Bok Choy,chinese,Dinner,no,missing,
ew_slow_cooker_sticky_sesame_c,Slow-Cooker Sticky Sesame Chicken Drumsticks,chinese,Dinner,no,missing,
ew_spicy_noodles_with_pork_sca,"Spicy Noodles with Pork, Scallions & Bok Choy",chinese,Dinner,no,missing,
ew_sweet_sour_pork_with_a_sesa,Sweet & Sour Pork with a Sesame Crust,chinese,Dinner,no,missing,
ew_wild_asparagus_with_scrambl,Wild Asparagus with Scrambled Eggs,cypriot,Snack,no,missing,
ew_one_pot_beef_stroganoff,One-Pot Beef Stroganoff,eastern_european,Dinner,no,missing,
ew_vegetarian_mushroom_strogan,Vegetarian Mushroom Stroganoff,eastern_european,Dinner,no,missing,
ew_slow_cooker_borscht,Slow-Cooker Borscht,eastern_european,Lunch,no,missing,
ew_egyptian_lentil_soup,Egyptian Lentil Soup,egyptian,Lunch,no,missing,
ew_hawawshi_egyptian_hot_beef_,Hawawshi (Egyptian Hot Beef Sandwich),egyptian,Lunch,no,missing,
ew_filipino_pancit_bihon,Filipino Pancit Bihon,filipino,Dinner,no,missing,
ew_tinola_filipino_ginger_garl,Tinola (Filipino Ginger-Garlic Chicken Soup),filipino,Lunch,no,missing,
ew_braised_brisket_with_dried_,Braised Brisket with Dried Fruit,french,Dinner,no,missing,
ew_chilean_lentil_stew_with_sa,Chilean Lentil Stew with Salsa Verde,french,Dinner,no,missing,
ew_slow_cooker_ratatouille_goa,Slow-Cooker Ratatouille & Goat Cheese Toasts,french,Dinner,no,missing,
ew_instant_pot_garlic_scented_,Instant Pot Garlic-Scented Chicken & Farro with White Balsamic Vinaigrette,french,Lunch,no,missing,
ew_middle_eastern_salad_bowls_,Middle Eastern Salad Bowls with Farro & Chicken,french,Lunch,no,missing,
ew_steak_salad_with_charred_on,Steak Salad with Charred Onion Vinaigrette & Garlic-Cumin Yogurt,french,Lunch,no,missing,
ew_whole_grain_orzo_grilled_ve,Whole-Grain Orzo & Grilled Vegetable Salad,french,Lunch,no,missing,
ew_greek_muffin_tin_omelets_wi,Greek Muffin-Tin Omelets with Feta & Peppers,greek,Breakfast,no,missing,
ew_muffin_tin_spanakopita_omel,Muffin-Tin Spanakopita Omelets,greek,Breakfast,no,missing,
ew_waffle_with_spinach_tomato_,"Waffle with Spinach, Tomato & Feta",greek,Breakfast,no,missing,
ew_baked_chickpeas_with_orange,"Baked Chickpeas with Orange, Lemon & Squash (Revithia me Kolokytha)",greek,Dinner,no,missing,
ew_bulgur_pilaf_with_eggplant_,"Bulgur Pilaf with Eggplant, Pepper & Tomatoes (Hondros me Melitzanes)",greek,Dinner,no,missing,
ew_greek_grilled_salmon_kebabs,Greek Grilled Salmon Kebabs with Tzatziki & Green Beans,greek,Dinner,no,missing,
ew_mashed_legumes_with_onion_c,"Mashed Legumes with Onion, Capers & Radicchio (Sympetherio)",greek,Dinner,no,missing,
ew_one_skillet_pastitsio,One-Skillet Pastitsio,greek,Dinner,no,missing,
ew_vegetarian_butternut_squash,Vegetarian Butternut Squash Chili with Black Beans,greek,Dinner,no,missing,
ew_chicken_caesar_lettuce_cups,Chicken Caesar Lettuce Cups,greek,Lunch,no,missing,
ew_chickpea_potato_curry,Chickpea & Potato Curry,indian,Dinner,no,missing,
ew_indian_grain_bowls_with_chi,Indian Grain Bowls with Chicken & Vegetables,indian,Dinner,no,missing,
ew_slow_cooker_indian_lamb_but,Slow-Cooker Indian Lamb & Butternut Squash Stew,indian,Dinner,no,missing,
ew_slow_cooker_shrimp_vindaloo,Slow-Cooker Shrimp Vindaloo,indian,Dinner,no,missing,
ew_chickpea_salad_with_broccol,Chickpea Salad with Broccoli & Golden Milk-Poached Chicken,indian,Lunch,no,missing,
ew_mini_feta_potato_frittatas,Mini Feta & Potato Frittatas,italian,Breakfast,no,missing,
ew_black_bass_with_sauteed_veg,Black Bass with Sautéed Vegetables & Cioppino Jus,italian,Dinner,no,missing,
ew_bruschetta_topped_crispy_ba,Bruschetta-Topped Crispy Baked Chicken,italian,Dinner,no,missing,
ew_chicken_cacciatore_hoagies,Chicken Cacciatore Hoagies,italian,Dinner,no,missing,
ew_creamy_mushroom_tomato_farr,Creamy Mushroom & Tomato Farro Risotto,italian,Dinner,no,missing,
ew_crispy_roast_chicken_carrot,Crispy Roast Chicken & Carrots,italian,Dinner,no,missing,
ew_italian_roasted_pork_tender,Italian Roasted Pork Tenderloin with Vegetables & Quinoa,italian,Dinner,no,missing,
ew_mushroom_shrimp_quinoa_riso,Mushroom & Shrimp Quinoa Risotto,italian,Dinner,no,missing,
ew_mushroom_cauliflower_risott,Mushroom-Cauliflower Risotto,italian,Dinner,no,missing,
ew_sausage_spiked_meatloaves,Sausage-Spiked Meatloaves,italian,Dinner,no,missing,
ew_slow_cooker_barley_risotto_,Slow-Cooker Barley Risotto with Butternut Squash,italian,Dinner,no,missing,
ew_slow_cooker_creamy_butternu,Slow-Cooker Creamy Butternut Sauce & Tortellini,italian,Dinner,no,missing,
ew_slow_cooker_flank_steak_au_,Slow-Cooker Flank Steak Au Jus Sandwiches,italian,Dinner,no,missing,
ew_steelhead_trout_with_creamy,Steelhead Trout with Creamy Barley & Herb Salad,italian,Dinner,no,missing,
ew_butternut_squash_risotto,Butternut Squash Risotto,italian,Lunch,no,missing,
ew_creamy_tomato_soup_with_tor,Creamy Tomato Soup with Tortellini,italian,Lunch,no,missing,
ew_grilled_green_panzanella_sa,"Grilled Green Panzanella Salad with Halloumi, White Beans & Vegetables",italian,Lunch,no,missing,
ew_lasagna_soup,Lasagna Soup,italian,Lunch,no,missing,
ew_sausage_spinach_tortellini_,"Sausage, Spinach & Tortellini Soup",italian,Lunch,no,missing,
ew_shaved_artichoke_salad_with,Shaved Artichoke Salad with Shrimp,italian,Lunch,no,missing,
ew_slow_cooker_italian_vegetab,Slow-Cooker Italian Vegetable & Farro Soup,italian,Lunch,no,missing,
ew_spinach_mushroom_tortellini,Spinach & Mushroom Tortellini Bake,italian,Lunch,no,missing,
ew_white_bean_soup_with_tomato,White Bean Soup with Tomato & Shrimp,italian,Lunch,no,missing,
ew_whole_grain_spaghetti_with_,"Whole-Grain Spaghetti with Italian Turkey Sausage, Arugula & Balsamic Tomato Sauce",italian,Lunch,no,missing,
ew_slow_cooker_miso_black_pepp,Slow-Cooker Miso-Black Pepper Salmon,japanese,Dinner,no,missing,
ew_slow_cooker_umami_chicken_v,Slow-Cooker Umami Chicken & Vegetable Ramen Bowl,japanese,Lunch,no,missing,
ew_slow_cooker_korean_beef_in_,Slow-Cooker Korean Beef in Cabbage Leaves,korean,Dinner,no,missing,
ew_forbidden_rice_white_kimchi,Forbidden Rice & White Kimchi Steak Salad,korean,Lunch,no,missing,
ew_slow_cooker_korean_beef_cab,Slow-Cooker Korean Beef & Cabbage Stew,korean,Lunch,no,missing,
tn_boiled_eggs_with_olive_oil_and,Boiled Eggs with Olive Oil and Za'atar,mediterranean,Breakfast,no,missing,
tn_baked_fish_with_chermoula_and_,Baked Fish with Chermoula and Potato,mediterranean,Dinner,no,missing,
ew_crock_pot_lemon_chicken_wit,Crock-Pot Lemon Chicken with Tomatoes & Kalamata Olives,mediterranean,Dinner,no,missing,
ew_greek_inspired_burgers_with,Greek-Inspired Burgers with Herb-Feta Sauce,mediterranean,Dinner,no,missing,
tn_grilled_chicken_thighs_with_ro,Grilled Chicken Thighs with Roasted Vegetables,mediterranean,Dinner,no,missing,
ew_herb_crusted_mediterranean_,Herb-Crusted Mediterranean Sea Bass,mediterranean,Dinner,no,missing,
tn_kefta_meatballs_in_tomato_sauc,Kefta Meatballs in Tomato Sauce,mediterranean,Dinner,no,missing,
tn_lentil_and_vegetable_soup,Lentil and Vegetable Soup,mediterranean,Dinner,no,missing,
ew_salmon_with_roasted_red_pep,Salmon with Roasted Red Pepper Quinoa Salad,mediterranean,Dinner,no,missing,
ew_sheet_pan_mediterranean_chi,"Sheet-Pan Mediterranean Chicken, Brussels Sprouts & Gnocchi",mediterranean,Dinner,no,missing,
ew_slow_cooked_lamb_with_lemon,Slow-Cooked Lamb with Lemons & Pomegranate,mediterranean,Dinner,no,missing,
tn_stuffed_peppers_with_rice_and_,Stuffed Peppers with Rice and Minced Beef,mediterranean,Dinner,no,missing,
tn_tuna_and_chickpea_salad_dinner,Tuna and Chickpea Salad Dinner,mediterranean,Dinner,no,missing,
tn_turkey_escalope_with_ratatouil,Turkey Escalope with Ratatouille Tunisienne,mediterranean,Dinner,no,missing,
tn_grilled_daurade_with_tastira,Grilled Daurade with Tastira,mediterranean,Lunch,no,missing,
ew_mediterranean_quinoa_salad,Mediterranean Quinoa Salad,mediterranean,Lunch,no,missing,
ew_mediterranean_slow_cooker_c,Mediterranean Slow-Cooker Chicken Noodle Soup,mediterranean,Lunch,no,missing,
tn_slata_besbes_with_grilled_esca,Slata Besbes with Grilled Escalope,mediterranean,Lunch,no,missing,
ew_slow_cooker_mediterranean_q,Slow-Cooker Mediterranean Quinoa with Arugula,mediterranean,Lunch,no,missing,
tn_cucumber_and_carrot_sticks_wit,Cucumber and Carrot Sticks with Hummus,mediterranean,Snack,no,missing,
tn_handful_of_mixed_nuts,Handful of Mixed Nuts,mediterranean,Snack,no,missing,
tn_hard_boiled_egg_with_za_atar,Hard-Boiled Egg with Za'atar,mediterranean,Snack,no,missing,
ew_taji_n_waffle_fries_with_cr,"Tají""n Waffle Fries with Creamy Cilantro-Lime Dipping Sauce",mexican,Breakfast,no,missing,
ew_25_minute_chicken_veggie_en,25-Minute Chicken & Veggie Enchiladas,mexican,Dinner,no,missing,
ew_bean_beef_taco_soup,Bean & Beef Taco Soup,mexican,Dinner,no,missing,
ew_cauliflower_tacos_with_chic,Cauliflower Tacos with Chicken,mexican,Dinner,no,missing,
ew_chicken_tamales,Chicken Tamales,mexican,Dinner,no,missing,
ew_chile_lime_cauliflower_ques,Chile-Lime Cauliflower Quesadillas,mexican,Dinner,no,missing,
ew_chipotle_lime_cauliflower_t,Chipotle-Lime Cauliflower Taco Bowls,mexican,Dinner,no,missing,
ew_crispy_fish_tacos_with_char,Crispy Fish Tacos with Charred Corn & Crema,mexican,Dinner,no,missing,
ew_mexican_spaghetti_squash_me,Mexican Spaghetti Squash Meal-Prep Bowls,mexican,Dinner,no,missing,
ew_mexican_stuffed_portobello_,Mexican Stuffed Portobello Mushrooms,mexican,Dinner,no,missing,
ew_slow_cooker_carne_picada_ta,Slow-Cooker Carne Picada Tacos with Avocado Salsa,mexican,Dinner,no,missing,
ew_slow_cooker_charred_chile_v,Slow-Cooker Charred Chile Verde Chicken,mexican,Dinner,no,missing,
ew_slow_cooker_chicken_mole_wi,Slow-Cooker Chicken Mole with Cilantro Rice,mexican,Dinner,no,missing,
ew_slow_cooker_pork_posole,Slow-Cooker Pork Posole,mexican,Dinner,no,missing,
ew_slow_cooker_shrimp_chorizo_,Slow-Cooker Shrimp & Chorizo Paella,mexican,Dinner,no,missing,
ew_slow_cooker_vegetarian_tex_,Slow-Cooker Vegetarian Tex-Mex Casserole,mexican,Dinner,no,missing,
ew_steak_enchilada_bowls_with_,Steak Enchilada Bowls with Sweet Potato Rice,mexican,Dinner,no,missing,
ew_stuffed_potatoes_with_salsa,Stuffed Potatoes with Salsa & Beans,mexican,Dinner,no,missing,
ew_tofu_tacos,Tofu Tacos,mexican,Dinner,no,missing,
ew_vegetarian_enchilada_casser,Vegetarian Enchilada Casserole,mexican,Dinner,no,missing,
ew_vegetarian_taco_stuffed_zuc,Vegetarian Taco-Stuffed Zucchini,mexican,Dinner,no,missing,
ew_chicken_mole_tacos_with_man,Chicken Mole Tacos with Mango-Jicama Slaw,mexican,Lunch,no,missing,
ew_chipotle_turkey_tostadas,Chipotle Turkey Tostadas,mexican,Lunch,no,missing,
ew_slow_cooker_southwest_quino,Slow-Cooker Southwest Quinoa Bowls,mexican,Lunch,no,missing,
ew_egyptian_falafel_with_tahin,Egyptian Falafel with Tahini Sauce (Taameya),middle_eastern,Dinner,no,missing,
ew_slow_cooker_middle_eastern_,Slow-Cooker Middle Eastern Meatballs with Raita,middle_eastern,Dinner,no,missing,
ew_falafel_tabbouleh_bowls_wit,Falafel Tabbouleh Bowls with Tzatziki,middle_eastern,Lunch,no,missing,
ew_feta_kale_pear_salad,"Feta, Kale & Pear Salad",middle_eastern,Lunch,no,missing,
ew_sesame_noodle_salad_with_sm,Sesame Noodle Salad with Smashed Cucumbers,middle_eastern,Lunch,no,missing,
ew_moroccan_baked_cod_vegetabl,Moroccan Baked Cod & Vegetables with Chermoula Sauce,moroccan,Dinner,no,missing,
ew_moroccan_chicken_tagine_wit,Moroccan Chicken Tagine with Apricots & Olives,moroccan,Dinner,no,missing,
ew_slow_cooker_moroccan_chicke,"Slow-Cooker Moroccan Chicken, Vegetables & Couscous",moroccan,Dinner,no,missing,
ew_slow_cooker_moroccan_spiced,Slow-Cooker Moroccan-Spiced Chicken Stew,moroccan,Dinner,no,missing,
ew_instant_pot_lowcountry_seaf,Instant Pot Lowcountry Seafood Feast,southern,Dinner,no,missing,
ew_provencal_baked_fish_with_r,Provençal Baked Fish with Roasted Potatoes & Mushrooms,southern,Dinner,no,missing,
ew_southern_style_oven_fried_c,Southern-Style Oven-Fried Chicken,southern,Dinner,no,missing,
ew_swordfish_with_olives_caper,"Swordfish with Olives, Capers & Tomatoes over Polenta",southern,Dinner,no,missing,
ew_crispy_air_fryer_pickle_chi,Crispy Air-Fryer Pickle Chips,southern,Snack,no,missing,
ew_slow_cooker_flounder_with_t,Slow-Cooker Flounder with Thai Coconut-Curry Sauce,thai,Dinner,no,missing,
ew_slow_cooker_green_curry_sca,Slow-Cooker Green Curry Scallops & Vegetables,thai,Dinner,no,missing,
ew_slow_cooker_lemongrass_coco,Slow-Cooker Lemongrass-Coconut Marinated Chicken,thai,Dinner,no,missing,
ew_slow_cooker_vegetable_tofu_,Slow-Cooker Vegetable & Tofu Thai Stew,thai,Lunch,no,missing,
ew_thai_style_chopped_salad_wi,Thai-Style Chopped Salad with Sriracha Tofu,thai,Lunch,no,missing,
tn_asida_with_honey_and_olive_oil,Asida with Honey and Olive Oil,tunisian,Breakfast,no,missing,
tn_eggs_with_merguez_and_tomato,Eggs with Merguez and Tomato,tunisian,Breakfast,no,missing,
tn_fricasse_tunisien_homemade,Fricassé Tunisien (Homemade),tunisian,Breakfast,no,missing,
tn_fried_egg_sandwich_kesra_beyd,Fried Egg Sandwich (Kesra Beyd),tunisian,Breakfast,no,missing,
tn_fruit_salad_with_raib_fresh_yogurt,Fruit Salad with Raïb (Fresh Yogurt),tunisian,Breakfast,no,missing,
tn_hsou_barley_porridge,Hsou (Barley Porridge),tunisian,Breakfast,no,missing,
tn_khobz_tabouna_with_olive_oil_and_chee,Khobz Tabouna with Olive Oil and Cheese,tunisian,Breakfast,no,missing,
tn_lablebi,Lablebi,tunisian,Breakfast,no,missing,
tn_msemen_with_olive_oil_and_honey,Msemen with Olive Oil and Honey,tunisian,Breakfast,no,missing,
tn_pain_grille_with_tuna_and_harissa,Pain Grillé with Tuna and Harissa,tunisian,Breakfast,no,missing,
tn_shakshuka_ojja_tomate,Shakshuka (Ojja Tomate),tunisian,Breakfast,no,missing,
tn_chorba_lsan_asfour_vermicelli_soup,Chorba Lsan Asfour (Vermicelli Soup),tunisian,Dinner,no,missing,
tn_harissa_pasta_macarouna_harissa,Harissa Pasta (Macarouna Harissa),tunisian,Dinner,no,missing,
tn_kafteji_traditional_fried_version_sma,Kafteji (Traditional Fried Version) - Smaller Portion,tunisian,Dinner,no,missing,
tn_rechta_tunisian_flat_pasta_with_chick,Rechta (Tunisian Flat Pasta with Chicken Broth),tunisian,Dinner,no,missing,
tn_sardines_grillees_with_harissa_and_sa,Sardines Grillées with Harissa and Salad,tunisian,Dinner,no,missing,
tn_steamed_chicken_with_couscous_and_har,Steamed Chicken with Couscous and Harissa Broth,tunisian,Dinner,no,missing,
tn_tajine_tunisien_egg_and_cheese_bake,Tajine Tunisien (Egg and Cheese Bake),tunisian,Dinner,no,missing,
tn_brik_au_four_with_salad,Brik au Four with Salad,tunisian,Lunch,no,missing,
tn_chicken_and_potato_traybake_koucha_dj,Chicken and Potato Traybake (Koucha Djaj),tunisian,Lunch,no,missing,
tn_chorba_frik_with_chicken,Chorba Frik with Chicken,tunisian,Lunch,no,missing,
tn_couscous_bel_khodra_with_chicken,Couscous Bel Khodra with Chicken,tunisian,Lunch,no,missing,
tn_healthy_oven_baked_kafteji,Healthy Oven-Baked Kafteji,tunisian,Lunch,no,missing,
tn_jelbana_with_chicken_pea_stew,Jelbana with Chicken (Pea Stew),tunisian,Lunch,no,missing,
tn_kamounia_beef_and_liver_stew,Kamounia (Beef and Liver Stew),tunisian,Lunch,no,missing,
tn_loubia_with_beef,Loubia with Beef,tunisian,Lunch,no,missing,
tn_market_3das_tunisian_lentil_stew,Market 3das (Tunisian Lentil Stew),tunisian,Lunch,no,missing,
tn_ojja_with_tuna,Ojja with Tuna,tunisian,Lunch,no,missing,
tn_omelette_tastira,Omelette Tastira,tunisian,Lunch,no,missing,
tn_plat_tunisien_healthy_version,Plat Tunisien (Healthy Version),tunisian,Lunch,no,missing,
tn_rouz_jerbi_djerbian_rice,Rouz Jerbi (Djerbian Rice),tunisian,Lunch,no,missing,
tn_salade_mechouia_with_grilled_turkey,Salade Mechouia with Grilled Turkey,tunisian,Lunch,no,missing,
tn_salade_tunisienne_with_grilled_chicke,Salade Tunisienne with Grilled Chicken,tunisian,Lunch,no,missing,
tn_tunisian_macarouna_with_chicken,Tunisian Macarouna with Chicken,tunisian,Lunch,no,missing,
tn_dates_with_almonds,Dates with Almonds,tunisian,Snack,no,missing,
tn_lait_ribot_with_a_date,Lait Ribot with a Date,tunisian,Snack,no,missing,
tn_makroudh_1_piece,Makroudh (1 piece),tunisian,Snack,no,missing,
tn_plain_yogurt_with_a_drizzle_of_honey,Plain Yogurt with a Drizzle of Honey,tunisian,Snack,no,missing,
tn_watermelon_slice_summer,Watermelon Slice (Summer),tunisian,Snack,no,missing,
tn_banana_milkshake_with_peanut_b,Banana Milkshake with Peanut Butter,western,Breakfast,no,missing,
tn_greek_yogurt_with_honey_and_wa,Greek Yogurt with Honey and Walnuts,western,Breakfast,no,missing,
tn_oatmeal_with_banana_and_dates,Oatmeal with Banana and Dates,western,Breakfast,no,missing,
tn_spinach_and_cheese_omelette,Spinach and Cheese Omelette,western,Dinner,no,missing,
tn_saut_ed_green_beans_with_mince,Sautéed Green Beans with Minced Beef,western,Lunch,no,missing,
tn_western_style_tuna_pasta_salad,Western-style Tuna Pasta Salad,western,Lunch,no,missing,
tn_apple_with_peanut_butter,Apple with Peanut Butter,western,Snack,no,missing,
tn_banana_with_a_glass_of_milk,Banana with a Glass of Milk,western,Snack,no,missing,
tn_orange_and_a_square_of_dark_ch,Orange and a Square of Dark Chocolate,western,Snack,no,missing,
tn_peanut_butter_on_whole_wheat_t,Peanut Butter on Whole Wheat Toast,western,Snack,no,missing,
